auc,logloss,brier,ece
0.530448717948718,0.6770871520462173,0.2439024390243903,0.0
